title,description,photo,price,longitude,latitude,beds,rooms,bathrooms,created_by
End most another book firm.,Cut card thank difference provide remain. Education walk game Democrat improve. Operation scientist agency admit stuff treatment. Gun have seat power politics owner professor.,https://splashbase.s3.amazonaws.com/unsplash/regular/tumblr_mo2x80NkDu1st5lhmo1_1280.jpg,472.71,37.00438,-7.60361,4,3,1,andrew08
Never performance until billion.,Box road kid authority interesting. Growth drive simple quite.,https://splashbase.s3.amazonaws.com/unsplash/regular/tumblr_mp6s7lR1lS1st5lhmo1_1280.jpg,959.64,47.3799,33.14447,3,3,5,michael53
Guess could citizen order require store ago.,Popular much all financial worry bar look.,https://splashbase.s3.amazonaws.com/unsplash/regular/tumblr_mopqfpSTPN1st5lhmo1_1280.jpg,1897.87,-41.25528,-19.32556,6,4,2,mooremichael
Turn poor good write.,Dark position American authority like. Along than national project say participant prove.,https://splashbase.s3.amazonaws.com/unsplash/regular/tumblr_mp6sasSvPZ1st5lhmo1_1280.jpg,1004.28,29.26639,37.58105,5,3,2,jamessexton
Us oil size director.,Ability west interest race much. Those before quite although meeting.,https://splashbase.s3.amazonaws.com/unsplash/regular/tumblr_mo2xfarCvW1st5lhmo1_1280.jpg,365.79,18.30056,50.5107,6,3,1,heather15
Show sister arm PM.,This by focus management network put will bring. Feeling rate go view become his. Make arrive side investment enjoy eight thought.,https://splashbase.s3.amazonaws.com/unsplash/regular/tumblr_mopqc3ZZcz1st5lhmo1_1280.jpg,828.36,44.02488,32.61603,2,5,6,pshepherd
Sense position price impact produce view.,Such stop beat present at thousand. Value keep prove.,https://splashbase.s3.amazonaws.com/unsplash/regular/tumblr_mopq69jlcS1st5lhmo1_1280.jpg,747.72,150.99292,-33.75881,5,6,4,donna97
Capital shake institution ok can enough when degree.,Few guess one military her. Environmental reveal parent. While late us treat lose. Mission middle audience.,https://splashbase.s3.amazonaws.com/unsplash/regular/tumblr_mp6scv2xrZ1st5lhmo1_1280.jpg,1900.98,121.06761,12.35275,3,4,1,smithjasmine
Home necessary trouble fill key.,Large least big. Sit read month especially turn sister. Or individual vote all.,https://splashbase.s3.amazonaws.com/unsplash/regular/tumblr_mo2x3aAnRH1st5lhmo1_1280.jpg,1830.23,-2.98884,43.32686,1,1,6,deannamendez
Yes my performance know third a.,Standard for job they raise unit. Evening usually control Congress majority. Likely especially another resource she anything.,https://splashbase.s3.amazonaws.com/unsplash/regular/tumblr_mp6sasSvPZ1st5lhmo1_1280.jpg,152.38,-82.4017,23.0072,5,1,4,xballard
Try enough none customer will.,Tonight blue how step green study. Son hospital standard body too.,https://splashbase.s3.amazonaws.com/unsplash/regular/tumblr_mp6s995bvI1st5lhmo1_1280.jpg,1145.87,49.62251,27.0174,2,4,4,kelsey51
Shake role it response.,Product guy although million. Act wind mouth difference education challenge. Top ok body pay.,https://splashbase.s3.amazonaws.com/unsplash/regular/tumblr_mopqhxFulr1st5lhmo1_1280.jpg,1614.85,69.01354,38.55632,5,6,6,michaelbaker
Fire future science month best small major now.,Fine ground star individual. Up indeed miss current here. Author network condition still animal water majority.,https://splashbase.s3.amazonaws.com/unsplash/regular/tumblr_mo2x9xqeef1st5lhmo1_1280.jpg,666.92,113.82465,23.29549,4,1,4,vegashari
Office their life away science view personal.,Example color wide themselves brother goal. Trouble field area see.,https://splashbase.s3.amazonaws.com/unsplash/regular/tumblr_mo2xbk8JUK1st5lhmo1_1280.jpg,1472.42,101.96857,4.88441,6,1,3,wellsstephanie
Former machine be imagine claim protect somebody sit.,Dark particularly interview free. Have late last hot whether huge probably. Entire guy act team anyone less.,https://splashbase.s3.amazonaws.com/unsplash/regular/tumblr_mopq8fyQwI1st5lhmo1_1280.jpg,721.1,123.758,10.20898,6,6,5,mscott
Many turn end executive fast do.,Your party factor final nice them. Find realize bag model perform stop expect.,https://splashbase.s3.amazonaws.com/unsplash/regular/tumblr_mopq8fyQwI1st5lhmo1_1280.jpg,1121.01,-8.07257,12.74409,2,6,3,rthompson
And majority too quickly can.,Alone remember bank art point current. Police wrong court feeling purpose whom task.,https://splashbase.s3.amazonaws.com/unsplash/regular/tumblr_mo2xijE2nr1st5lhmo1_1280.jpg,892.75,27.18052,39.12074,6,4,2,michael89
Story everyone avoid media worker subject.,Hair ready want leader right hard we. Here security husband buy bar president second.,https://splashbase.s3.amazonaws.com/unsplash/regular/tumblr_mp6rzyNlAN1st5lhmo1_1280.jpg,387.26,7.36027,51.20219,5,1,5,calvin14
A field already too finally especially south.,Buy seem far the give think. Each Mr difficult run lawyer she past.,https://splashbase.s3.amazonaws.com/unsplash/regular/tumblr_mo2xfarCvW1st5lhmo1_1280.jpg,374.54,111.73861,35.20889,5,6,5,marco96
Way can opportunity radio same parent learn.,So magazine detail especially. Both floor husband. Crime serve information program even.,https://splashbase.s3.amazonaws.com/unsplash/regular/tumblr_mp6s7lR1lS1st5lhmo1_1280.jpg,415.34,-1.4001,7.06273,6,4,2,kennethmalone
Discover do whom president mention nearly large.,Simple team society somebody ready. Quickly charge school spring good respond carry. Ability at partner price general main might.,https://splashbase.s3.amazonaws.com/unsplash/regular/tumblr_mp6scv2xrZ1st5lhmo1_1280.jpg,556.56,140.72287,53.14657,3,1,4,michael53
Letter short sport he.,Fear close state low here leave fact. Forget up west forget. Any plant media voice. May spring rest.,https://splashbase.s3.amazonaws.com/unsplash/regular/tumblr_mnh1d7s3UD1st5lhmo1_1280.jpg,1485.93,86.79271,25.92127,4,3,5,bwolfe
Manage rest money garden design write right.,Treat agency government something almost unit long. Accept loss marriage try house truth. Plant collection than.,https://splashbase.s3.amazonaws.com/unsplash/regular/tumblr_mo2xfarCvW1st5lhmo1_1280.jpg,1547.29,13.58357,-1.63333,4,3,1,tanya34
Explain social determine and soon establish.,Reach Congress soldier hot law much. Enough apply partner statement. Including measure surface clear company individual.,https://splashbase.s3.amazonaws.com/unsplash/regular/tumblr_mnh0n9pHJW1st5lhmo1_1280.jpg,1399.73,-111.99633,40.65995,5,4,5,brittanycamacho
Knowledge protect reach wall debate boy.,Nation risk cup nearly water. One big cell total talk himself. Loss want son account remain.,https://splashbase.s3.amazonaws.com/unsplash/regular/tumblr_mpp6f50W261st5lhmo1_1280.jpg,582.5,121.12251,14.62578,4,4,3,alexismoran
Best easy per if.,Fill both image pick teacher off truth. Similar base tonight song.,https://splashbase.s3.amazonaws.com/unsplash/regular/tumblr_mo2x80NkDu1st5lhmo1_1280.jpg,315.1,5.16108,48.77275,5,4,2,dholt
Score fall should fear wait prepare everybody.,Here want feel year rule stay billion. Picture bit window personal ask cold expert race. Enjoy case right sometimes over herself especially.,https://splashbase.s3.amazonaws.com/unsplash/regular/tumblr_mo2xijE2nr1st5lhmo1_1280.jpg,1949.71,116.10146,5.90702,3,5,3,ayalapam
Anyone group own other.,Sense in significant style. Social enough green. Recent eight blue buy.,https://splashbase.s3.amazonaws.com/unsplash/regular/tumblr_mopqj9QUeq1st5lhmo1_1280.jpg,1583.6,-121.75689,36.91023,2,2,5,mscott
Cost actually rest his.,Operation bed speech surface entire.,https://splashbase.s3.amazonaws.com/unsplash/regular/tumblr_mnh0n9pHJW1st5lhmo1_1280.jpg,432.43,123.89071,10.31672,3,4,5,mooremichael
Bill democratic get reveal summer position finish.,Response scientist possible artist even capital. Style company investment production picture another.,https://splashbase.s3.amazonaws.com/unsplash/regular/tumblr_mo2x9xqeef1st5lhmo1_1280.jpg,816.43,8.96317,48.35149,1,2,2,scohen
Why language what real much.,Leader community eye surface strong read. Else other shoulder leg state poor politics.,https://splashbase.s3.amazonaws.com/unsplash/regular/tumblr_mp6s995bvI1st5lhmo1_1280.jpg,1402.52,4.91667,45.73333,3,4,4,carrollcourtney
Sit sign positive use require.,Various recognize season evening set. Help all impact suddenly positive.,https://splashbase.s3.amazonaws.com/unsplash/regular/tumblr_mo2xdqmle51st5lhmo1_1280.jpg,173.14,14.66737,41.55947,3,2,2,ayalapam
Environmental focus they series history father.,Lawyer beyond she worry particular. Determine finally building anything soon civil manager. Or rate without huge group such pretty.,https://splashbase.s3.amazonaws.com/unsplash/regular/tumblr_mopqj9QUeq1st5lhmo1_1280.jpg,719.55,33.9162,51.67822,5,1,5,vargasfrank
Little scene friend decision indeed range.,I economic affect tell. Little state painting boy certain church.,https://splashbase.s3.amazonaws.com/unsplash/regular/tumblr_mopqj9QUeq1st5lhmo1_1280.jpg,1134.13,7.20769,50.80019,3,1,5,patricia35
Strong strategy kid feeling.,Task dream participant baby movement require. Any leader paper manager by.,https://splashbase.s3.amazonaws.com/unsplash/regular/tumblr_mo1h6tGOZf1st5lhmo1_1280.jpg,337.42,25.8191,53.5942,3,2,3,vargasfrank
Player reason produce need scientist ok official medical.,Personal a purpose reflect second throw.,https://splashbase.s3.amazonaws.com/unsplash/regular/tumblr_mnh17lfd9R1st5lhmo1_1280.jpg,1207.05,33.72798,53.53395,4,5,4,donna97
Cell piece consider will clearly president.,Article rise project machine. Order protect at each research choice.,https://splashbase.s3.amazonaws.com/unsplash/regular/tumblr_mnh1d7s3UD1st5lhmo1_1280.jpg,960.17,119.58627,23.5654,2,4,6,fthomas
Century maintain reduce.,Tv pull sister citizen table half blood. Training window debate our half easy happen.,https://splashbase.s3.amazonaws.com/unsplash/regular/tumblr_mopqj9QUeq1st5lhmo1_1280.jpg,567.95,-0.32247,50.82882,2,4,5,evelyn37
Goal full court contain this rise actually.,Dream find heart station use yeah value. Sign respond seven painting chance machine.,https://splashbase.s3.amazonaws.com/unsplash/regular/tumblr_mpp6poZxE51st5lhmo1_1280.jpg,1785.93,8.55552,40.72586,4,1,6,zhuber
Speech politics anyone call writer thought market statement.,Man high room over exactly. Perhaps bill chair record follow little speech. Direction range or player.,https://splashbase.s3.amazonaws.com/unsplash/regular/tumblr_mo2xgqdEFn1st5lhmo1_1280.jpg,1014.92,-52.51028,-28.81833,3,2,6,icarroll
Better either interesting yard.,Sister run authority parent if each many most. Through activity doctor may material knowledge.,https://splashbase.s3.amazonaws.com/unsplash/regular/tumblr_mpp6l06zXi1st5lhmo1_1280.jpg,701.01,73.38333,31.71667,6,6,5,scohen
Pressure eat bill suggest play.,Less administration go almost develop. Give though both.,https://splashbase.s3.amazonaws.com/unsplash/regular/tumblr_mnh1jdFvHR1st5lhmo1_1280.jpg,324.06,2.31889,35.21222,2,5,3,amy65
West first the instead.,Conference I door various forward card positive think. Though threat none board walk. Approach everybody ahead past significant letter.,https://splashbase.s3.amazonaws.com/unsplash/regular/tumblr_mo2xdqmle51st5lhmo1_1280.jpg,1692.65,-0.45877,46.32313,3,2,4,stephentorres
Beautiful detail good benefit there.,Week research seat wear from thing. Other popular indicate before do glass yes maintain. Throw let no magazine guess system week.,https://splashbase.s3.amazonaws.com/unsplash/regular/tumblr_mpp6w0dxAm1st5lhmo1_1280.jpg,1913.67,-51.50361,-29.2975,2,3,6,jamessexton
Inside social son information never heavy himself.,Perform still away them traditional recognize. Success general century. Industry figure floor me scene foreign poor.,https://splashbase.s3.amazonaws.com/unsplash/regular/tumblr_mo2xbk8JUK1st5lhmo1_1280.jpg,1377.47,111.73861,35.20889,5,4,4,victoria73
Paper class car during sign father.,Include reflect ball step present race. Stop keep everything effort. Capital nice artist foot must through care.,https://splashbase.s3.amazonaws.com/unsplash/regular/tumblr_mp6s1hAudo1st5lhmo1_1280.jpg,661.54,-78.04471,34.25628,6,1,6,garciabenjamin
Lawyer with study car experience.,Action billion project. Bed treat no participant I generation. Truth live science him condition rich fund.,https://splashbase.s3.amazonaws.com/unsplash/regular/tumblr_mopq69jlcS1st5lhmo1_1280.jpg,1083.2,4.18333,7.6,1,4,6,victoria73
Suggest together decade.,Seek present daughter bring of. Most blood light build agree sort clearly.,https://splashbase.s3.amazonaws.com/unsplash/regular/tumblr_mo2x9xqeef1st5lhmo1_1280.jpg,1384.98,4.91667,45.73333,1,2,4,mooremichael
Baby ability hour market never.,Employee list bank I. Eat yeah environment.,https://splashbase.s3.amazonaws.com/unsplash/regular/tumblr_mp6scv2xrZ1st5lhmo1_1280.jpg,1785.71,84.87144,47.46657,5,5,3,erin96
At central record tell training indicate.,Billion away detail knowledge. Instead finish wear final.,https://splashbase.s3.amazonaws.com/unsplash/regular/tumblr_mnh1jdFvHR1st5lhmo1_1280.jpg,624.1,-116.37697,33.72255,6,3,1,browndaniel
